seed,success_a,ep_len_a,agent_energy_sum_a,agent_load_sum_a,agent_energy_mean_a,agent_load_mean_a,oracle_min_load_sum_a,oracle_min_energy_sum_a,oracle_shortest_len_a,detour_a,feasible_a,success_b,ep_len_b,agent_energy_sum_b,agent_load_sum_b,agent_energy_mean_b,agent_load_mean_b,oracle_min_load_sum_b,oracle_min_energy_sum_b,oracle_shortest_len_b,detour_b,feasible_b,d_energy,d_load,d_detour
0,True,12,3.0,0.0,0.25,0.0,0.0,1.0,12.0,0.0,False,True,12,3.0,0.0,0.25,0.0,0.0,1.0,12.0,0.0,False,0.0,0.0,0.0
1,True,10,1.0,2.138465791940689,0.1,0.2138465791940689,0.0,0.0,10.0,0.0,False,True,10,0.0,0.8877124190330505,0.0,0.08877124190330506,0.0,0.0,10.0,0.0,False,0.1,0.12507533729076387,0.0
2,True,12,3.0,0.0,0.25,0.0,0.0,1.0,12.0,0.0,False,True,12,2.0,0.0,0.16666666666666666,0.0,0.0,1.0,12.0,0.0,False,0.08333333333333334,0.0,0.0
3,True,14,0.0,1.7305955588817596,0.0,0.12361396849155426,0.0,0.0,14.0,0.0,False,True,14,0.0,0.0,0.0,0.0,0.0,0.0,14.0,0.0,True,0.0,0.12361396849155426,0.0
4,True,14,2.0,1.755947321653366,0.14285714285714285,0.12542480868952616,0.0,0.0,14.0,0.0,False,True,14,2.0,0.6456745862960815,0.14285714285714285,0.04611961330686297,0.0,0.0,14.0,0.0,False,0.0,0.07930519538266319,0.0
5,True,13,3.0,2.160912334918976,0.23076923076923078,0.16622402576299813,0.0,1.0,13.0,0.0,False,True,13,1.0,0.0,0.07692307692307693,0.0,0.0,1.0,13.0,0.0,True,0.15384615384615385,0.16622402576299813,0.0
6,True,12,2.0,1.8833839893341064,0.16666666666666666,0.1569486657778422,0.0,1.0,12.0,0.0,False,True,12,1.0,0.7513982355594637,0.08333333333333333,0.0626165196299553,0.0,1.0,12.0,0.0,False,0.08333333333333333,0.09433214614788689,0.0
7,True,12,2.0,1.8522509336471558,0.16666666666666666,0.1543542444705963,0.0,1.0,12.0,0.0,False,True,12,1.0,0.0,0.08333333333333333,0.0,0.0,1.0,12.0,0.0,True,0.08333333333333333,0.1543542444705963,0.0
8,True,13,2.0,0.0,0.15384615384615385,0.0,0.0,1.0,13.0,0.0,False,True,13,3.0,0.0,0.23076923076923078,0.0,0.0,1.0,13.0,0.0,False,-0.07692307692307693,0.0,0.0
9,True,13,6.0,0.0,0.46153846153846156,0.0,0.0,2.0,13.0,0.0,False,True,13,3.0,0.0,0.23076923076923078,0.0,0.0,2.0,13.0,0.0,False,0.23076923076923078,0.0,0.0
10,True,11,2.0,0.0,0.18181818181818182,0.0,0.0,0.0,11.0,0.0,False,True,11,0.0,0.4345757365226746,0.0,0.039506885138424964,0.0,0.0,11.0,0.0,True,0.18181818181818182,-0.039506885138424964,0.0
11,True,11,4.0,0.0,0.36363636363636365,0.0,0.0,0.0,11.0,0.0,False,True,11,0.0,0.3456315994262696,0.0,0.03142105449329723,0.0,0.0,11.0,0.0,True,0.36363636363636365,-0.03142105449329723,0.0
12,True,11,3.0,1.197423130273819,0.2727272727272727,0.10885664820671082,0.0,0.0,11.0,0.0,False,True,11,1.0,0.8540942370891571,0.09090909090909091,0.07764493064446883,0.0,0.0,11.0,0.0,False,0.1818181818181818,0.03121171756224199,0.0
13,True,12,0.0,1.4645122289657593,0.0,0.1220426857471466,0.0,0.0,12.0,0.0,False,True,12,1.0,0.0,0.08333333333333333,0.0,0.0,0.0,12.0,0.0,True,-0.08333333333333333,0.1220426857471466,0.0
14,True,11,1.0,2.4854990243911743,0.09090909090909091,0.22595445676283402,0.0,1.0,11.0,0.0,False,True,11,2.0,0.3262006342411042,0.18181818181818182,0.02965460311282765,0.0,1.0,11.0,0.0,False,-0.09090909090909091,0.19629985365000635,0.0
15,True,12,2.0,0.0,0.16666666666666666,0.0,0.0,0.0,12.0,0.0,False,True,12,1.0,0.0,0.08333333333333333,0.0,0.0,0.0,12.0,0.0,True,0.08333333333333333,0.0,0.0
16,True,13,1.0,1.4214163422584536,0.07692307692307693,0.10933971863526566,0.0,0.0,13.0,0.0,False,True,13,1.0,2.1060890853405,0.07692307692307693,0.1620068527185,0.0,0.0,13.0,0.0,False,0.0,-0.05266713408323433,0.0
17,True,11,1.0,1.2193958163261414,0.09090909090909091,0.1108541651205583,0.7902752459049225,1.0,11.0,0.0,False,True,11,2.0,0.9008645117282867,0.18181818181818182,0.0818967737934806,0.7902752459049225,1.0,11.0,0.0,False,-0.09090909090909091,0.028957391327077697,0.0
18,True,12,1.0,0.0,0.08333333333333333,0.0,0.0,0.0,12.0,0.0,True,True,12,1.0,0.0,0.08333333333333333,0.0,0.0,0.0,12.0,0.0,True,0.0,0.0,0.0
19,True,12,0.0,0.8564209640026093,0.0,0.07136841366688411,1.4709148108959198,0.0,12.0,0.0,False,True,12,1.0,0.8564209640026093,0.08333333333333333,0.07136841366688411,1.4709148108959198,0.0,12.0,0.0,False,-0.08333333333333333,0.0,0.0
20,True,13,1.0,1.2846131026744843,0.07692307692307693,0.09881639251342186,0.0,0.0,13.0,0.0,False,True,13,0.0,0.0,0.0,0.0,0.0,0.0,13.0,0.0,True,0.07692307692307693,0.09881639251342186,0.0
21,True,10,0.0,1.6752843856811523,0.0,0.16752843856811522,0.540075957775116,0.0,10.0,0.0,False,True,10,0.0,1.2002902925014496,0.0,0.12002902925014496,0.540075957775116,0.0,10.0,0.0,False,0.0,0.04749940931797027,0.0
22,True,11,3.0,1.692200481891632,0.2727272727272727,0.15383640744469382,0.6552194654941559,0.0,11.0,0.0,False,True,11,1.0,2.2259062826633453,0.09090909090909091,0.20235511660575867,0.6552194654941559,0.0,11.0,0.0,False,0.1818181818181818,-0.04851870916106485,0.0
23,True,12,2.0,0.0,0.16666666666666666,0.0,0.0,0.0,12.0,0.0,False,True,12,1.0,0.05711993575096136,0.08333333333333333,0.004759994645913447,0.0,0.0,12.0,0.0,True,0.08333333333333333,-0.004759994645913447,0.0
24,True,12,0.0,1.8750710189342499,0.0,0.15625591824452081,0.0,0.0,12.0,0.0,False,True,12,0.0,0.0,0.0,0.0,0.0,0.0,12.0,0.0,True,0.0,0.15625591824452081,0.0
25,True,13,3.0,0.7802349925041199,0.23076923076923078,0.06001807634647076,0.15218576788902288,0.0,13.0,0.0,False,True,13,1.0,0.5696716606616975,0.07692307692307693,0.04382089697397673,0.15218576788902288,0.0,13.0,0.0,True,0.15384615384615385,0.016197179372494028,0.0
26,True,11,2.0,1.8040877282619476,0.18181818181818182,0.16400797529654068,0.0,1.0,11.0,0.0,False,True,11,1.0,0.8080542385578158,0.09090909090909091,0.0734594762325287,0.0,1.0,11.0,0.0,False,0.09090909090909091,0.09054849906401198,0.0
27,True,12,1.0,1.8305273056030273,0.08333333333333333,0.1525439421335856,0.8787698149681091,0.0,12.0,0.0,False,True,12,0.0,2.491615742444992,0.0,0.20763464520374933,0.8787698149681091,0.0,12.0,0.0,False,0.08333333333333333,-0.05509070307016373,0.0
28,True,11,3.0,3.5676231682300568,0.2727272727272727,0.3243293789300052,0.0,0.0,11.0,0.0,False,True,11,1.0,1.22035351395607,0.09090909090909091,0.1109412285414609,0.0,0.0,11.0,0.0,False,0.1818181818181818,0.21338815038854428,0.0
29,True,11,1.0,0.9089687764644625,0.09090909090909091,0.08263352513313295,0.0,0.0,11.0,0.0,False,True,11,1.0,0.0,0.09090909090909091,0.0,0.0,0.0,11.0,0.0,True,0.0,0.08263352513313295,0.0
30,True,12,0.0,0.9827578663825989,0.0,0.08189648886521657,0.0,0.0,12.0,0.0,False,True,12,0.0,1.6286013722419739,0.0,0.1357167810201645,0.0,0.0,12.0,0.0,False,0.0,-0.05382029215494792,0.0
31,True,11,4.0,0.5638804137706757,0.36363636363636365,0.05126185579733415,0.0,1.0,11.0,0.0,False,True,11,2.0,1.213256984949112,0.18181818181818182,0.11029608954082835,0.0,1.0,11.0,0.0,False,0.18181818181818182,-0.0590342337434942,0.0
32,True,11,2.0,0.2103917598724367,0.18181818181818182,0.01912652362476697,0.0,1.0,11.0,0.0,False,True,11,1.0,0.0,0.09090909090909091,0.0,0.0,1.0,11.0,0.0,True,0.09090909090909091,0.01912652362476697,0.0
33,True,11,1.0,2.2156500220298767,0.09090909090909091,0.20142272927544333,0.0,0.0,11.0,0.0,False,True,11,1.0,0.8343565165996552,0.09090909090909091,0.07585059241815047,0.0,0.0,11.0,0.0,False,0.0,0.12557213685729285,0.0
34,True,12,1.0,1.7755531072616577,0.08333333333333333,0.14796275893847147,0.0,0.0,12.0,0.0,False,True,12,0.0,0.9082748591899872,0.0,0.0756895715991656,0.0,0.0,12.0,0.0,False,0.08333333333333333,0.07227318733930586,0.0
35,True,11,4.0,1.0055009722709656,0.36363636363636365,0.0914091792973605,0.0,1.0,11.0,0.0,False,True,11,1.0,0.0,0.09090909090909091,0.0,0.0,1.0,11.0,0.0,True,0.2727272727272727,0.0914091792973605,0.0
36,True,11,2.0,0.4671997427940369,0.18181818181818182,0.042472703890366996,0.0,0.0,11.0,0.0,False,True,11,1.0,1.914910763502121,0.09090909090909091,0.174082796682011,0.0,0.0,11.0,0.0,False,0.09090909090909091,-0.13161009279164398,0.0
37,True,11,2.0,0.9247479438781738,0.18181818181818182,0.08406799489801581,0.0,0.0,11.0,0.0,False,True,11,2.0,0.9247479438781738,0.18181818181818182,0.08406799489801581,0.0,0.0,11.0,0.0,False,0.0,0.0,0.0
38,True,12,2.0,2.1733546257019043,0.16666666666666666,0.1811128854751587,0.03936505317687994,0.0,12.0,0.0,False,True,12,1.0,0.7230305373668671,0.08333333333333333,0.06025254478057226,0.03936505317687994,0.0,12.0,0.0,False,0.08333333333333333,0.12086034069458643,0.0
39,True,11,3.0,1.0245141685009005,0.2727272727272727,0.09313765168190004,0.0,0.0,11.0,0.0,False,True,11,2.0,0.9641273021697998,0.18181818181818182,0.08764793656089089,0.0,0.0,11.0,0.0,False,0.09090909090909088,0.005489715121009153,0.0
40,True,13,0.0,2.1382129192352295,0.0,0.16447791686424842,0.0,0.0,13.0,0.0,False,True,13,1.0,1.2974185943603516,0.07692307692307693,0.09980143033541165,0.0,0.0,13.0,0.0,False,-0.07692307692307693,0.06467648652883677,0.0
41,True,11,2.0,1.4478819370269775,0.18181818181818182,0.13162563063881613,0.0,1.0,11.0,0.0,False,True,11,2.0,0.0,0.18181818181818182,0.0,0.0,1.0,11.0,0.0,False,0.0,0.13162563063881613,0.0
42,True,11,2.0,0.8217656314373016,0.18181818181818182,0.07470596649430016,0.5054924488067627,1.0,11.0,0.0,False,True,11,1.0,0.5386536419391632,0.09090909090909091,0.048968512903560295,0.5054924488067627,1.0,11.0,0.0,True,0.09090909090909091,0.02573745359073986,0.0
43,True,14,1.0,2.75062957406044,0.07142857142857142,0.19647354100431716,0.7090037167072296,0.0,14.0,0.0,False,True,14,0.0,2.409397006034851,0.0,0.17209978614534652,0.7090037167072296,0.0,14.0,0.0,False,0.07142857142857142,0.024373754858970642,0.0
44,True,13,3.0,1.551694005727768,0.23076923076923078,0.11936107736367446,0.8232210278511047,1.0,13.0,0.0,False,True,13,1.0,0.3427990376949311,0.07692307692307693,0.02636915674576393,0.8232210278511047,1.0,13.0,0.0,True,0.15384615384615385,0.09299192061791053,0.0
45,True,12,1.0,2.929076164960861,0.08333333333333333,0.2440896804134051,0.8521943390369415,0.0,12.0,0.0,False,True,12,1.0,1.8967435657978058,0.08333333333333333,0.15806196381648382,0.8521943390369415,0.0,12.0,0.0,False,0.0,0.08602771659692127,0.0
46,True,10,4.0,1.287138432264328,0.4,0.1287138432264328,0.0,1.0,10.0,0.0,False,True,10,2.0,0.13017839193344122,0.2,0.013017839193344122,0.0,1.0,10.0,0.0,False,0.2,0.11569600403308869,0.0
47,True,12,2.0,0.6930453777313232,0.16666666666666666,0.05775378147761027,0.0,0.0,12.0,0.0,False,True,12,2.0,0.5882399380207062,0.16666666666666666,0.049019994835058846,0.0,0.0,12.0,0.0,False,0.0,0.008733786642551422,0.0
48,True,12,5.0,0.0,0.4166666666666667,0.0,0.0,1.0,12.0,0.0,False,True,12,1.0,0.6422564089298249,0.08333333333333333,0.05352136741081875,0.0,1.0,12.0,0.0,False,0.33333333333333337,-0.05352136741081875,0.0
49,True,12,1.0,3.3361074328422546,0.08333333333333333,0.27800895273685455,0.8574765026569366,0.0,12.0,0.0,False,True,12,1.0,2.08502659201622,0.08333333333333333,0.17375221600135168,0.8574765026569366,0.0,12.0,0.0,False,0.0,0.10425673673550287,0.0
50,True,14,2.0,0.0,0.14285714285714285,0.0,0.0,0.0,14.0,0.0,False,True,14,0.0,0.0,0.0,0.0,0.0,0.0,14.0,0.0,True,0.14285714285714285,0.0,0.0
51,True,12,3.0,0.0,0.25,0.0,0.0,0.0,12.0,0.0,False,True,12,2.0,0.2276908457279206,0.16666666666666666,0.01897423714399338,0.0,0.0,12.0,0.0,False,0.08333333333333334,-0.01897423714399338,0.0
52,True,13,2.0,0.9925746619701385,0.15384615384615385,0.07635189707462604,0.0,0.0,13.0,0.0,False,True,13,0.0,0.23904970288276678,0.0,0.01838843868328975,0.0,0.0,13.0,0.0,True,0.15384615384615385,0.05796345839133629,0.0
53,True,12,4.0,1.8768062293529513,0.3333333333333333,0.15640051911274594,0.0,1.0,12.0,0.0,False,True,12,1.0,1.4206716120243073,0.08333333333333333,0.1183893010020256,0.0,1.0,12.0,0.0,False,0.25,0.038011218110720335,0.0
54,True,11,6.0,0.8478228449821472,0.5454545454545454,0.07707480408928612,0.0,1.0,11.0,0.0,False,True,11,1.0,0.0,0.09090909090909091,0.0,0.0,1.0,11.0,0.0,True,0.4545454545454545,0.07707480408928612,0.0
55,True,12,2.0,0.0,0.16666666666666666,0.0,0.0,1.0,12.0,0.0,False,True,12,1.0,0.0,0.08333333333333333,0.0,0.0,1.0,12.0,0.0,True,0.08333333333333333,0.0,0.0
56,True,12,2.0,0.0,0.16666666666666666,0.0,0.0,1.0,12.0,0.0,False,True,12,1.0,0.0,0.08333333333333333,0.0,0.0,1.0,12.0,0.0,True,0.08333333333333333,0.0,0.0
57,True,12,2.0,1.3533908426761627,0.16666666666666666,0.11278257022301356,0.0,0.0,12.0,0.0,False,True,12,2.0,1.6132411062717438,0.16666666666666666,0.13443675885597864,0.0,0.0,12.0,0.0,False,0.0,-0.021654188632965074,0.0
58,True,13,1.0,0.20931771397590643,0.07692307692307693,0.016101362613531265,0.0,1.0,13.0,0.0,True,True,13,1.0,0.20931771397590643,0.07692307692307693,0.016101362613531265,0.0,1.0,13.0,0.0,True,0.0,0.0,0.0
59,True,13,0.0,2.9347792267799377,0.0,0.22575224821384138,0.0,0.0,13.0,0.0,False,True,13,0.0,0.0,0.0,0.0,0.0,0.0,13.0,0.0,True,0.0,0.22575224821384138,0.0
60,True,10,3.0,0.6025412976741793,0.3,0.06025412976741793,0.0,1.0,10.0,0.0,False,True,10,2.0,0.0,0.2,0.0,0.0,1.0,10.0,0.0,False,0.09999999999999998,0.06025412976741793,0.0
61,True,11,1.0,0.0,0.09090909090909091,0.0,0.0,0.0,11.0,0.0,True,True,11,1.0,0.5768113434314728,0.09090909090909091,0.052437394857406616,0.0,0.0,11.0,0.0,False,0.0,-0.052437394857406616,0.0
62,True,14,1.0,0.0,0.07142857142857142,0.0,0.0,0.0,14.0,0.0,True,True,14,1.0,1.83229598402977,0.07142857142857142,0.130878284573555,0.0,0.0,14.0,0.0,False,0.0,-0.130878284573555,0.0
63,True,14,0.0,0.40014979243278515,0.0,0.028582128030913225,0.0,0.0,14.0,0.0,True,True,14,1.0,1.038046807050705,0.07142857142857142,0.07414620050362178,0.0,0.0,14.0,0.0,False,-0.07142857142857142,-0.04556407247270855,0.0
64,True,13,0.0,0.0,0.0,0.0,0.0,0.0,13.0,0.0,True,True,13,1.0,0.0,0.07692307692307693,0.0,0.0,0.0,13.0,0.0,True,-0.07692307692307693,0.0,0.0
65,True,12,1.0,0.43344300985336315,0.08333333333333333,0.03612025082111359,0.0,0.0,12.0,0.0,True,True,12,0.0,0.0,0.0,0.0,0.0,0.0,12.0,0.0,True,0.08333333333333333,0.03612025082111359,0.0
66,True,14,6.0,1.053765594959259,0.42857142857142855,0.0752689710685185,0.0,1.0,14.0,0.0,False,True,14,3.0,0.7699519991874695,0.21428571428571427,0.054996571370533535,0.0,1.0,14.0,0.0,False,0.21428571428571427,0.020272399697984965,0.0
67,True,11,1.0,0.6516311764717103,0.09090909090909091,0.059239197861064574,0.0,0.0,11.0,0.0,False,True,11,0.0,0.226655662059784,0.0,0.02060506018725309,0.0,0.0,11.0,0.0,True,0.09090909090909091,0.038634137673811485,0.0
68,True,12,6.0,0.0013760328292847235,0.5,0.00011466940244039363,0.0,1.0,12.0,0.0,False,True,12,1.0,0.9849448800086975,0.08333333333333333,0.08207874000072479,0.0,1.0,12.0,0.0,False,0.4166666666666667,-0.0819640705982844,0.0
69,True,13,2.0,0.40099492669105535,0.15384615384615385,0.030845763591619644,0.0,0.0,13.0,0.0,False,True,13,1.0,0.0,0.07692307692307693,0.0,0.0,0.0,13.0,0.0,True,0.07692307692307693,0.030845763591619644,0.0
70,True,12,1.0,1.4291102886199951,0.08333333333333333,0.11909252405166626,0.0,1.0,12.0,0.0,False,True,12,1.0,0.8836101591587067,0.08333333333333333,0.07363417992989223,0.0,1.0,12.0,0.0,False,0.0,0.04545834412177403,0.0
71,True,12,1.0,2.2314474880695343,0.08333333333333333,0.18595395733912787,0.0,0.0,12.0,0.0,False,True,12,1.0,0.0,0.08333333333333333,0.0,0.0,0.0,12.0,0.0,True,0.0,0.18595395733912787,0.0
72,True,11,1.0,0.797615021467209,0.09090909090909091,0.072510456497019,0.0,0.0,11.0,0.0,False,True,11,0.0,0.6456800997257233,0.0,0.05869819088415666,0.0,0.0,11.0,0.0,False,0.09090909090909091,0.013812265612862334,0.0
73,True,12,0.0,0.034776836633682306,0.0,0.0028980697194735255,0.0,0.0,12.0,0.0,True,True,12,2.0,0.0,0.16666666666666666,0.0,0.0,0.0,12.0,0.0,False,-0.16666666666666666,0.0028980697194735255,0.0
74,True,13,4.0,0.0,0.3076923076923077,0.0,0.0,1.0,13.0,0.0,False,True,13,2.0,0.193115383386612,0.15384615384615385,0.014855029491277845,0.0,1.0,13.0,0.0,False,0.15384615384615385,-0.014855029491277845,0.0
75,True,14,3.0,0.31675598025321966,0.21428571428571427,0.02262542716094426,0.0,0.0,14.0,0.0,False,True,14,1.0,0.5215579867362976,0.07142857142857142,0.03725414190973554,0.0,0.0,14.0,0.0,True,0.14285714285714285,-0.01462871474879128,0.0
76,True,11,1.0,0.0,0.09090909090909091,0.0,0.0,0.0,11.0,0.0,True,True,11,2.0,0.0,0.18181818181818182,0.0,0.0,0.0,11.0,0.0,False,-0.09090909090909091,0.0,0.0
77,True,10,1.0,1.8887299597263336,0.1,0.18887299597263335,0.8582576215267181,0.0,10.0,0.0,False,True,10,1.0,1.8887299597263336,0.1,0.18887299597263335,0.8582576215267181,0.0,10.0,0.0,False,0.0,0.0,0.0
78,True,12,3.0,0.0,0.25,0.0,0.0,1.0,12.0,0.0,False,True,12,2.0,0.0,0.16666666666666666,0.0,0.0,1.0,12.0,0.0,False,0.08333333333333334,0.0,0.0
79,True,11,1.0,0.0,0.09090909090909091,0.0,0.0,0.0,11.0,0.0,True,True,11,0.0,0.0,0.0,0.0,0.0,0.0,11.0,0.0,True,0.09090909090909091,0.0,0.0
80,True,12,1.0,0.8669988512992859,0.08333333333333333,0.07224990427494049,0.0,0.0,12.0,0.0,False,True,12,0.0,0.3839830160140992,0.0,0.0319985846678416,0.0,0.0,12.0,0.0,True,0.08333333333333333,0.04025131960709889,0.0
81,True,10,1.0,0.0,0.1,0.0,0.0,0.0,10.0,0.0,True,True,10,1.0,0.0,0.1,0.0,0.0,0.0,10.0,0.0,True,0.0,0.0,0.0
82,True,13,2.0,0.3015991151332856,0.15384615384615385,0.02319993193332966,0.0,2.0,13.0,0.0,False,True,13,2.0,0.3015991151332856,0.15384615384615385,0.02319993193332966,0.0,2.0,13.0,0.0,False,0.0,0.0,0.0
83,True,12,2.0,0.0,0.16666666666666666,0.0,0.0,0.0,12.0,0.0,False,True,12,0.0,0.0,0.0,0.0,0.0,0.0,12.0,0.0,True,0.16666666666666666,0.0,0.0
84,True,12,1.0,0.0,0.08333333333333333,0.0,0.0,1.0,12.0,0.0,True,True,12,1.0,0.0,0.08333333333333333,0.0,0.0,1.0,12.0,0.0,True,0.0,0.0,0.0
85,True,13,1.0,1.2624540627002716,0.07692307692307693,0.09711185097694397,0.0,0.0,13.0,0.0,False,True,13,2.0,0.0,0.15384615384615385,0.0,0.0,0.0,13.0,0.0,False,-0.07692307692307693,0.09711185097694397,0.0
86,True,12,0.0,0.0,0.0,0.0,0.0,0.0,12.0,0.0,True,True,12,0.0,0.0,0.0,0.0,0.0,0.0,12.0,0.0,True,0.0,0.0,0.0
87,True,13,2.0,1.1251802444458008,0.15384615384615385,0.08655232649583083,0.0,0.0,13.0,0.0,False,True,13,1.0,0.01777774095535284,0.07692307692307693,0.0013675185350271414,0.0,0.0,13.0,0.0,True,0.07692307692307693,0.08518480796080369,0.0
88,True,14,2.0,0.9398362636566162,0.14285714285714285,0.0671311616897583,0.0,0.0,14.0,0.0,False,True,14,1.0,0.3162375688552857,0.07142857142857142,0.02258839777537755,0.0,0.0,14.0,0.0,True,0.07142857142857142,0.04454276391438075,0.0
89,True,12,4.0,0.5694970190525056,0.3333333333333333,0.047458084921042136,0.0,0.0,12.0,0.0,False,True,12,1.0,0.3225981891155244,0.08333333333333333,0.0268831824262937,0.0,0.0,12.0,0.0,True,0.25,0.020574902494748436,0.0
90,True,11,2.0,0.0993396937847138,0.18181818181818182,0.0090308812531558,0.0,0.0,11.0,0.0,False,True,11,1.0,0.0,0.09090909090909091,0.0,0.0,0.0,11.0,0.0,True,0.09090909090909091,0.0090308812531558,0.0
91,True,12,3.0,2.233569860458374,0.25,0.1861308217048645,0.8336693644523621,0.0,12.0,0.0,False,True,12,0.0,0.8863749802112579,0.0,0.0738645816842715,0.8336693644523621,0.0,12.0,0.0,False,0.25,0.112266240020593,0.0
92,True,13,1.0,1.6927439272403717,0.07692307692307693,0.13021107132618243,0.0,0.0,13.0,0.0,False,True,13,1.0,0.9472506940364838,0.07692307692307693,0.07286543800280644,0.0,0.0,13.0,0.0,False,0.0,0.057345633323375986,0.0
93,True,10,0.0,0.0,0.0,0.0,0.0,0.0,10.0,0.0,True,True,10,0.0,0.0,0.0,0.0,0.0,0.0,10.0,0.0,True,0.0,0.0,0.0
94,True,12,2.0,1.8120730817317963,0.16666666666666666,0.15100609014431635,0.0,0.0,12.0,0.0,False,True,12,0.0,0.0,0.0,0.0,0.0,0.0,12.0,0.0,True,0.16666666666666666,0.15100609014431635,0.0
95,True,12,1.0,0.6848819255828857,0.08333333333333333,0.057073493798573814,0.0,0.0,12.0,0.0,False,True,12,0.0,0.0,0.0,0.0,0.0,0.0,12.0,0.0,True,0.08333333333333333,0.057073493798573814,0.0
96,True,12,2.0,0.3949136137962342,0.16666666666666666,0.03290946781635285,0.0,0.0,12.0,0.0,False,True,12,0.0,0.0,0.0,0.0,0.0,0.0,12.0,0.0,True,0.16666666666666666,0.03290946781635285,0.0
97,True,13,3.0,0.7616535425186157,0.23076923076923078,0.058588734039893516,0.0,1.0,13.0,0.0,False,True,13,1.0,0.0,0.07692307692307693,0.0,0.0,1.0,13.0,0.0,True,0.15384615384615385,0.058588734039893516,0.0
98,True,13,4.0,0.0,0.3076923076923077,0.0,0.0,1.0,13.0,0.0,False,True,13,2.0,0.0,0.15384615384615385,0.0,0.0,1.0,13.0,0.0,False,0.15384615384615385,0.0,0.0
99,True,11,2.0,1.351253718137741,0.18181818181818182,0.12284124710343101,0.0,0.0,11.0,0.0,False,True,11,1.0,0.22757476568222051,0.09090909090909091,0.020688615062020046,0.0,0.0,11.0,0.0,True,0.09090909090909091,0.10215263204141097,0.0
100,True,14,3.0,0.38587248325347906,0.21428571428571427,0.02756232023239136,0.0,0.0,14.0,0.0,False,True,14,1.0,0.38587248325347906,0.07142857142857142,0.02756232023239136,0.0,0.0,14.0,0.0,True,0.14285714285714285,0.0,0.0
101,True,11,1.0,0.0,0.09090909090909091,0.0,0.0,0.0,11.0,0.0,True,True,11,1.0,0.0,0.09090909090909091,0.0,0.0,0.0,11.0,0.0,True,0.0,0.0,0.0
102,True,11,2.0,1.2766392230987549,0.18181818181818182,0.1160581111907959,0.0,0.0,11.0,0.0,False,True,11,0.0,0.0,0.0,0.0,0.0,0.0,11.0,0.0,True,0.18181818181818182,0.1160581111907959,0.0
103,True,12,2.0,0.0,0.16666666666666666,0.0,0.0,0.0,12.0,0.0,False,True,12,0.0,0.19935122132301336,0.0,0.01661260177691778,0.0,0.0,12.0,0.0,True,0.16666666666666666,-0.01661260177691778,0.0
104,True,12,2.0,0.0,0.16666666666666666,0.0,0.0,0.0,12.0,0.0,False,True,12,2.0,0.0,0.16666666666666666,0.0,0.0,0.0,12.0,0.0,False,0.0,0.0,0.0
105,True,12,2.0,0.05679196119308477,0.16666666666666666,0.004732663432757064,0.0,0.0,12.0,0.0,False,True,12,0.0,0.0,0.0,0.0,0.0,0.0,12.0,0.0,True,0.16666666666666666,0.004732663432757064,0.0
106,True,14,2.0,1.4757181406021118,0.14285714285714285,0.10540843861443656,0.0,0.0,14.0,0.0,False,True,14,0.0,0.2236179113388062,0.0,0.01597270795277187,0.0,0.0,14.0,0.0,True,0.14285714285714285,0.08943573066166469,0.0
107,True,13,2.0,0.0,0.15384615384615385,0.0,0.0,1.0,13.0,0.0,False,True,13,2.0,0.0,0.15384615384615385,0.0,0.0,1.0,13.0,0.0,False,0.0,0.0,0.0
108,True,12,1.0,1.5568535327911377,0.08333333333333333,0.12973779439926147,0.0,1.0,12.0,0.0,False,True,12,2.0,0.43584993481636053,0.16666666666666666,0.03632082790136338,0.0,1.0,12.0,0.0,False,-0.08333333333333333,0.0934169664978981,0.0
109,True,13,2.0,0.8231372833251953,0.15384615384615385,0.06331825256347656,0.0,0.0,13.0,0.0,False,True,13,0.0,0.8754642009735107,0.0,0.06734340007488544,0.0,0.0,13.0,0.0,False,0.15384615384615385,-0.00402514751140888,0.0
110,True,13,2.0,0.0,0.15384615384615385,0.0,0.0,1.0,13.0,0.0,False,True,13,1.0,0.0,0.07692307692307693,0.0,0.0,1.0,13.0,0.0,True,0.07692307692307693,0.0,0.0
111,True,12,3.0,1.4287465512752533,0.25,0.1190622126062711,0.0,1.0,12.0,0.0,False,True,12,1.0,0.0,0.08333333333333333,0.0,0.0,1.0,12.0,0.0,True,0.16666666666666669,0.1190622126062711,0.0
112,True,11,1.0,0.8634828329086305,0.09090909090909091,0.07849843935533005,0.0,2.0,11.0,0.0,False,True,11,3.0,0.5506276786327362,0.2727272727272727,0.05005706169388511,0.0,2.0,11.0,0.0,False,-0.1818181818181818,0.028441377661444937,0.0
113,True,11,2.0,0.5723114013671876,0.18181818181818182,0.052028309215198874,0.25223022699356085,1.0,11.0,0.0,False,True,11,2.0,0.32363942265510565,0.18181818181818182,0.029421765695918697,0.25223022699356085,1.0,11.0,0.0,False,0.0,0.022606543519280178,0.0
114,True,11,1.0,0.8829903900623324,0.09090909090909091,0.08027185364203021,0.0,0.0,11.0,0.0,False,True,11,1.0,0.0,0.09090909090909091,0.0,0.0,0.0,11.0,0.0,True,0.0,0.08027185364203021,0.0
115,True,13,0.0,0.0,0.0,0.0,0.0,0.0,13.0,0.0,True,True,13,0.0,0.8425299525260926,0.0,0.06480999634816097,0.0,0.0,13.0,0.0,False,0.0,-0.06480999634816097,0.0
116,True,10,2.0,1.7515185177326202,0.2,0.17515185177326204,0.0,0.0,10.0,0.0,False,True,10,0.0,0.18691769242286688,0.0,0.018691769242286688,0.0,0.0,10.0,0.0,True,0.2,0.15646008253097535,0.0
117,True,13,4.0,1.836936175823212,0.3076923076923077,0.14130278275563168,0.0,0.0,13.0,0.0,False,True,13,1.0,0.0,0.07692307692307693,0.0,0.0,0.0,13.0,0.0,True,0.23076923076923078,0.14130278275563168,0.0
118,True,13,2.0,0.0,0.15384615384615385,0.0,0.0,0.0,13.0,0.0,False,True,13,0.0,0.0,0.0,0.0,0.0,0.0,13.0,0.0,True,0.15384615384615385,0.0,0.0
119,True,12,0.0,2.866089552640915,0.0,0.23884079605340958,0.0,0.0,12.0,0.0,False,True,12,1.0,0.8179806768894196,0.08333333333333333,0.06816505640745163,0.0,0.0,12.0,0.0,False,-0.08333333333333333,0.17067573964595795,0.0
120,True,12,2.0,0.0,0.16666666666666666,0.0,0.0,0.0,12.0,0.0,False,True,12,1.0,0.22374695539474493,0.08333333333333333,0.018645579616228744,0.0,0.0,12.0,0.0,True,0.08333333333333333,-0.018645579616228744,0.0
121,True,12,2.0,0.0,0.16666666666666666,0.0,0.0,0.0,12.0,0.0,False,True,12,0.0,0.0,0.0,0.0,0.0,0.0,12.0,0.0,True,0.16666666666666666,0.0,0.0
122,True,11,1.0,0.2758679389953614,0.09090909090909091,0.025078903545032852,0.0,0.0,11.0,0.0,True,True,11,1.0,0.0,0.09090909090909091,0.0,0.0,0.0,11.0,0.0,True,0.0,0.025078903545032852,0.0
123,True,11,0.0,1.7475257217884064,0.0,0.15886597470803696,0.26239714026451116,0.0,11.0,0.0,False,True,11,0.0,1.105395883321762,0.0,0.10049053484743292,0.26239714026451116,0.0,11.0,0.0,False,0.0,0.058375439860604034,0.0
124,True,14,0.0,1.570466846227646,0.0,0.11217620330197473,0.0,0.0,14.0,0.0,False,True,14,1.0,0.8267762959003448,0.07142857142857142,0.05905544970716749,0.0,0.0,14.0,0.0,False,-0.07142857142857142,0.05312075359480724,0.0
125,True,11,2.0,0.5818158090114594,0.18181818181818182,0.052892346273769035,0.5397695899009705,0.0,11.0,0.0,False,True,11,1.0,0.3983130753040315,0.09090909090909091,0.03621027957309377,0.5397695899009705,0.0,11.0,0.0,True,0.09090909090909091,0.016682066700675263,0.0
126,True,12,4.0,1.6567574739456177,0.3333333333333333,0.13806312282880148,0.0,0.0,12.0,0.0,False,True,12,1.0,1.0491273999214172,0.08333333333333333,0.08742728332678477,0.0,0.0,12.0,0.0,False,0.25,0.05063583950201671,0.0
127,True,11,2.0,0.6991930902004242,0.18181818181818182,0.06356300820003856,0.0,2.0,11.0,0.0,False,True,11,1.0,0.0,0.09090909090909091,0.0,0.0,2.0,11.0,0.0,True,0.09090909090909091,0.06356300820003856,0.0
128,True,12,1.0,1.1236504912376404,0.08333333333333333,0.09363754093647003,0.0,0.0,12.0,0.0,False,True,12,1.0,0.935164213180542,0.08333333333333333,0.0779303510983785,0.0,0.0,12.0,0.0,False,0.0,0.015707189838091537,0.0
129,True,10,2.0,0.788639098405838,0.2,0.0788639098405838,0.788639098405838,2.0,10.0,0.0,False,True,10,2.0,0.788639098405838,0.2,0.0788639098405838,0.788639098405838,2.0,10.0,0.0,False,0.0,0.0,0.0
130,True,12,4.0,1.0961240231990814,0.3333333333333333,0.09134366859992345,0.0,2.0,12.0,0.0,False,True,12,2.0,0.019433856010437067,0.16666666666666666,0.0016194880008697555,0.0,2.0,12.0,0.0,False,0.16666666666666666,0.0897241805990537,0.0
131,True,12,3.0,0.4864267706871034,0.25,0.040535564223925284,0.0,0.0,12.0,0.0,False,True,12,0.0,0.0,0.0,0.0,0.0,0.0,12.0,0.0,True,0.25,0.040535564223925284,0.0
132,True,12,2.0,1.2118801176548004,0.16666666666666666,0.1009900098045667,0.0,2.0,12.0,0.0,False,True,12,1.0,1.2118801176548004,0.08333333333333333,0.1009900098045667,0.0,2.0,12.0,0.0,False,0.08333333333333333,0.0,0.0
133,True,12,2.0,0.0,0.16666666666666666,0.0,0.0,0.0,12.0,0.0,False,True,12,2.0,0.0,0.16666666666666666,0.0,0.0,0.0,12.0,0.0,False,0.0,0.0,0.0
134,True,12,2.0,0.0,0.16666666666666666,0.0,0.0,0.0,12.0,0.0,False,True,12,1.0,1.789255976676941,0.08333333333333333,0.1491046647230784,0.0,0.0,12.0,0.0,False,0.08333333333333333,-0.1491046647230784,0.0
135,True,12,1.0,1.1349675357341766,0.08333333333333333,0.09458062797784805,0.0,1.0,12.0,0.0,False,True,12,1.0,0.0,0.08333333333333333,0.0,0.0,1.0,12.0,0.0,True,0.0,0.09458062797784805,0.0
136,True,11,3.0,2.3084774017333984,0.2727272727272727,0.2098615819757635,0.0,1.0,11.0,0.0,False,True,11,1.0,1.4297799468040466,0.09090909090909091,0.12997999516400424,0.0,1.0,11.0,0.0,False,0.1818181818181818,0.07988158681175925,0.0
137,True,14,3.0,0.0,0.21428571428571427,0.0,0.0,0.0,14.0,0.0,False,True,14,1.0,0.0,0.07142857142857142,0.0,0.0,0.0,14.0,0.0,True,0.14285714285714285,0.0,0.0
138,True,13,1.0,1.3057469725608826,0.07692307692307693,0.10044207481237558,0.0,0.0,13.0,0.0,False,True,13,3.0,0.0,0.23076923076923078,0.0,0.0,0.0,13.0,0.0,False,-0.15384615384615385,0.10044207481237558,0.0
139,True,12,2.0,2.388000041246414,0.16666666666666666,0.19900000343720117,0.0,1.0,12.0,0.0,False,True,12,1.0,1.3644965887069702,0.08333333333333333,0.11370804905891418,0.0,1.0,12.0,0.0,False,0.08333333333333333,0.08529195437828699,0.0
140,True,13,1.0,0.8747053444385531,0.07692307692307693,0.06728502649527332,0.0,0.0,13.0,0.0,False,True,13,0.0,0.5472089052200318,0.0,0.042092992709233217,0.0,0.0,13.0,0.0,True,0.07692307692307693,0.025192033786040104,0.0
141,True,13,1.0,0.2810804247856141,0.07692307692307693,0.021621571137354932,0.0,0.0,13.0,0.0,True,True,13,1.0,0.0,0.07692307692307693,0.0,0.0,0.0,13.0,0.0,True,0.0,0.021621571137354932,0.0
142,True,12,2.0,1.6760687828063965,0.16666666666666666,0.1396723985671997,0.9531959593296051,0.0,12.0,0.0,False,True,12,0.0,1.1915834546089172,0.0,0.09929862121740977,0.9531959593296051,0.0,12.0,0.0,False,0.16666666666666666,0.04037377734978993,0.0
143,True,13,3.0,1.1398075222969055,0.23076923076923078,0.08767750171514657,0.0,1.0,13.0,0.0,False,True,13,3.0,0.0,0.23076923076923078,0.0,0.0,1.0,13.0,0.0,False,0.0,0.08767750171514657,0.0
144,True,11,3.0,0.9252354800701144,0.2727272727272727,0.08411231637001039,0.0,0.0,11.0,0.0,False,True,11,2.0,0.8115150630474091,0.18181818181818182,0.07377409664067355,0.0,0.0,11.0,0.0,False,0.09090909090909088,0.010338219729336837,0.0
145,True,11,5.0,0.0,0.45454545454545453,0.0,0.0,0.0,11.0,0.0,False,True,11,0.0,0.0,0.0,0.0,0.0,0.0,11.0,0.0,True,0.45454545454545453,0.0,0.0
146,True,12,0.0,3.921679735183716,0.0,0.326806644598643,0.0,0.0,12.0,0.0,False,True,12,0.0,2.6880560219287872,0.0,0.2240046684940656,0.0,0.0,12.0,0.0,False,0.0,0.10280197610457739,0.0
147,True,14,4.0,0.9584282636642457,0.2857142857142857,0.06845916169030326,0.0,0.0,14.0,0.0,False,True,14,0.0,0.4371680915355683,0.0,0.031226292252540592,0.0,0.0,14.0,0.0,True,0.2857142857142857,0.037232869437762675,0.0
148,True,11,2.0,1.5757107436656952,0.18181818181818182,0.14324643124233594,0.8573237657546997,1.0,11.0,0.0,False,True,11,1.0,1.2987553775310516,0.09090909090909091,0.11806867068464105,0.8573237657546997,1.0,11.0,0.0,False,0.09090909090909091,0.025177760557694884,0.0
149,True,13,2.0,0.0,0.15384615384615385,0.0,0.0,0.0,13.0,0.0,False,True,13,1.0,0.0,0.07692307692307693,0.0,0.0,0.0,13.0,0.0,True,0.07692307692307693,0.0,0.0
150,True,14,3.0,0.7538253664970398,0.21428571428571427,0.05384466903550284,0.0,0.0,14.0,0.0,False,True,14,2.0,0.0,0.14285714285714285,0.0,0.0,0.0,14.0,0.0,False,0.07142857142857142,0.05384466903550284,0.0
151,True,14,0.0,2.369024246931076,0.0,0.169216017637934,0.0,0.0,14.0,0.0,False,True,14,0.0,0.0,0.0,0.0,0.0,0.0,14.0,0.0,True,0.0,0.169216017637934,0.0
152,True,13,2.0,0.5425196588039398,0.15384615384615385,0.04173228144645691,0.0,0.0,13.0,0.0,False,True,13,0.0,1.4447713196277618,0.0,0.11113625535598168,0.0,0.0,13.0,0.0,False,0.15384615384615385,-0.06940397390952477,0.0
153,True,11,1.0,1.6639284491539001,0.09090909090909091,0.15126622265035455,0.0,0.0,11.0,0.0,False,True,11,0.0,0.0,0.0,0.0,0.0,0.0,11.0,0.0,True,0.09090909090909091,0.15126622265035455,0.0
154,True,12,0.0,1.408411681652069,0.0,0.11736764013767242,0.0,0.0,12.0,0.0,False,True,12,0.0,0.47530746459960943,0.0,0.03960895538330079,0.0,0.0,12.0,0.0,True,0.0,0.07775868475437164,0.0
155,True,12,1.0,0.0,0.08333333333333333,0.0,0.0,0.0,12.0,0.0,True,True,12,0.0,0.03564035892486578,0.0,0.0029700299104054814,0.0,0.0,12.0,0.0,True,0.08333333333333333,-0.0029700299104054814,0.0
156,True,13,4.0,2.1941990554332733,0.3076923076923077,0.16878454272563642,0.0,1.0,13.0,0.0,False,True,13,1.0,0.825861006975174,0.07692307692307693,0.06352776976732108,0.0,1.0,13.0,0.0,False,0.23076923076923078,0.10525677295831534,0.0
157,True,12,3.0,1.7153493762016296,0.25,0.1429457813501358,0.0,0.0,12.0,0.0,False,True,12,2.0,1.7153493762016296,0.16666666666666666,0.1429457813501358,0.0,0.0,12.0,0.0,False,0.08333333333333334,0.0,0.0
158,True,11,1.0,0.9691381752490998,0.09090909090909091,0.0881034704771909,0.0,0.0,11.0,0.0,False,True,11,0.0,0.0,0.0,0.0,0.0,0.0,11.0,0.0,True,0.09090909090909091,0.0881034704771909,0.0
159,True,12,0.0,0.3934187889099122,0.0,0.03278489907582602,0.0,0.0,12.0,0.0,True,True,12,0.0,0.3924273550510407,0.0,0.03270227958758672,0.0,0.0,12.0,0.0,True,0.0,8.261948823929527e-05,0.0
160,True,13,1.0,2.3188602328300476,0.07692307692307693,0.1783738640638498,0.0,1.0,13.0,0.0,False,True,13,2.0,0.0,0.15384615384615385,0.0,0.0,1.0,13.0,0.0,False,-0.07692307692307693,0.1783738640638498,0.0
161,True,13,0.0,0.0,0.0,0.0,0.0,0.0,13.0,0.0,True,True,13,0.0,0.0,0.0,0.0,0.0,0.0,13.0,0.0,True,0.0,0.0,0.0
162,True,11,2.0,0.9792707562446594,0.18181818181818182,0.08902461420405995,0.0,0.0,11.0,0.0,False,True,11,0.0,0.6714484691619873,0.0,0.061040769923817025,0.0,0.0,11.0,0.0,False,0.18181818181818182,0.027983844280242927,0.0
163,True,13,2.0,0.9110701680183411,0.15384615384615385,0.07008232061679547,0.0,1.0,13.0,0.0,False,True,13,3.0,1.2359076142311098,0.23076923076923078,0.09506981647931614,0.0,1.0,13.0,0.0,False,-0.07692307692307693,-0.02498749586252068,0.0
164,True,13,0.0,0.0,0.0,0.0,0.0,0.0,13.0,0.0,True,True,13,0.0,0.0,0.0,0.0,0.0,0.0,13.0,0.0,True,0.0,0.0,0.0
165,True,12,1.0,0.3221473693847657,0.08333333333333333,0.02684561411539714,0.0,0.0,12.0,0.0,True,True,12,1.0,0.8657600581645966,0.08333333333333333,0.07214667151371638,0.0,0.0,12.0,0.0,False,0.0,-0.045301057398319244,0.0
166,True,11,0.0,2.4891127049922943,0.0,0.22628297318111767,0.0,0.0,11.0,0.0,False,True,11,1.0,0.0,0.09090909090909091,0.0,0.0,0.0,11.0,0.0,True,-0.09090909090909091,0.22628297318111767,0.0
167,True,13,0.0,1.1480374336242676,0.0,0.08831057181725135,0.0,0.0,13.0,0.0,False,True,13,0.0,0.7260895371437073,0.0,0.055853041318746716,0.0,0.0,13.0,0.0,False,0.0,0.03245753049850464,0.0
168,True,12,0.0,0.7949801981449128,0.0,0.06624834984540941,0.0,0.0,12.0,0.0,False,True,12,0.0,0.47214275598526007,0.0,0.03934522966543834,0.0,0.0,12.0,0.0,True,0.0,0.02690312017997107,0.0
169,True,11,4.0,2.5417061150074005,0.36363636363636365,0.23106419227340005,0.0,0.0,11.0,0.0,False,True,11,3.0,0.0,0.2727272727272727,0.0,0.0,0.0,11.0,0.0,False,0.09090909090909094,0.23106419227340005,0.0
170,True,11,1.0,0.620131254196167,0.09090909090909091,0.05637556856328791,0.0,0.0,11.0,0.0,False,True,11,0.0,0.5676657557487488,0.0,0.0516059777953408,0.0,0.0,11.0,0.0,False,0.09090909090909091,0.004769590767947113,0.0
171,True,12,2.0,2.2265490293502808,0.16666666666666666,0.18554575244585672,0.0,1.0,12.0,0.0,False,True,12,1.0,0.0,0.08333333333333333,0.0,0.0,1.0,12.0,0.0,True,0.08333333333333333,0.18554575244585672,0.0
172,True,12,2.0,0.13042277097702032,0.16666666666666666,0.010868564248085027,0.13042277097702032,1.0,12.0,0.0,False,True,12,1.0,0.7189897894859314,0.08333333333333333,0.059915815790494285,0.13042277097702032,1.0,12.0,0.0,False,0.08333333333333333,-0.049047251542409256,0.0
173,True,13,3.0,0.047819226980209406,0.23076923076923078,0.0036784020754007237,0.0,0.0,13.0,0.0,False,True,13,0.0,0.0,0.0,0.0,0.0,0.0,13.0,0.0,True,0.23076923076923078,0.0036784020754007237,0.0
174,True,10,2.0,0.858504980802536,0.2,0.0858504980802536,0.0,1.0,10.0,0.0,False,True,10,1.0,0.05495554208755499,0.1,0.005495554208755499,0.0,1.0,10.0,0.0,True,0.1,0.08035494387149811,0.0
175,True,13,1.0,0.0,0.07692307692307693,0.0,0.0,1.0,13.0,0.0,True,True,13,1.0,0.0,0.07692307692307693,0.0,0.0,1.0,13.0,0.0,True,0.0,0.0,0.0
176,True,12,3.0,2.615654706954956,0.25,0.21797122557957968,0.0,1.0,12.0,0.0,False,True,12,3.0,0.0,0.25,0.0,0.0,1.0,12.0,0.0,False,0.0,0.21797122557957968,0.0
177,True,10,1.0,2.019694834947586,0.1,0.2019694834947586,0.27110618352890026,0.0,10.0,0.0,False,True,10,0.0,1.5752345621585846,0.0,0.15752345621585845,0.27110618352890026,0.0,10.0,0.0,False,0.1,0.04444602727890015,0.0
178,True,13,2.0,0.7685275077819824,0.15384615384615385,0.05911750059861403,0.0,0.0,13.0,0.0,False,True,13,1.0,0.0,0.07692307692307693,0.0,0.0,0.0,13.0,0.0,True,0.07692307692307693,0.05911750059861403,0.0
179,True,11,1.0,3.107079178094864,0.09090909090909091,0.28246174346316943,0.0,0.0,11.0,0.0,False,True,11,0.0,2.692451238632202,0.0,0.24476829442110928,0.0,0.0,11.0,0.0,False,0.09090909090909091,0.03769344904206015,0.0
180,True,13,1.0,0.7240199148654938,0.07692307692307693,0.05569383960503798,0.0,0.0,13.0,0.0,False,True,13,0.0,0.0,0.0,0.0,0.0,0.0,13.0,0.0,True,0.07692307692307693,0.05569383960503798,0.0
181,True,12,3.0,2.0026815235614777,0.25,0.16689012696345648,0.0,1.0,12.0,0.0,False,True,12,1.0,0.0,0.08333333333333333,0.0,0.0,1.0,12.0,0.0,True,0.16666666666666669,0.16689012696345648,0.0
182,True,13,1.0,0.0,0.07692307692307693,0.0,0.0,1.0,13.0,0.0,True,True,13,1.0,0.0,0.07692307692307693,0.0,0.0,1.0,13.0,0.0,True,0.0,0.0,0.0
183,True,13,3.0,0.8839351236820223,0.23076923076923078,0.06799500951400171,0.0,1.0,13.0,0.0,False,True,13,2.0,0.0,0.15384615384615385,0.0,0.0,1.0,13.0,0.0,False,0.07692307692307693,0.06799500951400171,0.0
184,True,13,2.0,1.6714204251766205,0.15384615384615385,0.12857080193666312,0.0,0.0,13.0,0.0,False,True,13,1.0,0.0,0.07692307692307693,0.0,0.0,0.0,13.0,0.0,True,0.07692307692307693,0.12857080193666312,0.0
185,True,12,1.0,0.0,0.08333333333333333,0.0,0.0,0.0,12.0,0.0,True,True,12,0.0,0.0,0.0,0.0,0.0,0.0,12.0,0.0,True,0.08333333333333333,0.0,0.0
186,True,13,2.0,0.0,0.15384615384615385,0.0,0.0,0.0,13.0,0.0,False,True,13,3.0,0.0,0.23076923076923078,0.0,0.0,0.0,13.0,0.0,False,-0.07692307692307693,0.0,0.0
187,True,12,3.0,1.2901645600795746,0.25,0.10751371333996455,0.0,0.0,12.0,0.0,False,True,12,1.0,0.9780031144618988,0.08333333333333333,0.08150025953849156,0.0,0.0,12.0,0.0,False,0.16666666666666669,0.02601345380147299,0.0
188,True,14,3.0,0.3821608126163484,0.21428571428571427,0.027297200901167742,0.0,1.0,14.0,0.0,False,True,14,1.0,0.0,0.07142857142857142,0.0,0.0,1.0,14.0,0.0,True,0.14285714285714285,0.027297200901167742,0.0
189,True,13,2.0,0.6972210407257082,0.15384615384615385,0.0536323877481314,0.0,0.0,13.0,0.0,False,True,13,0.0,1.0981057882308962,0.0,0.08446967601776124,0.0,0.0,13.0,0.0,False,0.15384615384615385,-0.030837288269629844,0.0
190,True,14,1.0,0.31968718767166143,0.07142857142857142,0.02283479911940439,0.0,0.0,14.0,0.0,True,True,14,0.0,0.0,0.0,0.0,0.0,0.0,14.0,0.0,True,0.07142857142857142,0.02283479911940439,0.0
191,True,10,2.0,0.7320765852928163,0.2,0.07320765852928163,0.0,1.0,10.0,0.0,False,True,10,1.0,0.42920476198196417,0.1,0.04292047619819642,0.0,1.0,10.0,0.0,True,0.1,0.03028718233108521,0.0
192,True,12,1.0,0.0,0.08333333333333333,0.0,0.0,0.0,12.0,0.0,True,True,12,0.0,0.0,0.0,0.0,0.0,0.0,12.0,0.0,True,0.08333333333333333,0.0,0.0
193,True,12,1.0,1.6258796751499176,0.08333333333333333,0.1354899729291598,0.0,0.0,12.0,0.0,False,True,12,3.0,0.0,0.25,0.0,0.0,0.0,12.0,0.0,False,-0.16666666666666669,0.1354899729291598,0.0
194,True,12,3.0,1.3567707240581512,0.25,0.11306422700484593,0.0,1.0,12.0,0.0,False,True,12,1.0,0.0,0.08333333333333333,0.0,0.0,1.0,12.0,0.0,True,0.16666666666666669,0.11306422700484593,0.0
195,True,12,1.0,1.718640774488449,0.08333333333333333,0.1432200645407041,0.0,1.0,12.0,0.0,False,True,12,2.0,0.0,0.16666666666666666,0.0,0.0,1.0,12.0,0.0,False,-0.08333333333333333,0.1432200645407041,0.0
196,True,13,5.0,4.04475599527359,0.38461538461538464,0.31113507655950695,0.0,1.0,13.0,0.0,False,True,13,2.0,0.0,0.15384615384615385,0.0,0.0,1.0,13.0,0.0,False,0.23076923076923078,0.31113507655950695,0.0
197,True,12,1.0,0.8994790017604828,0.08333333333333333,0.07495658348004024,0.0,1.0,12.0,0.0,False,True,12,1.0,0.0,0.08333333333333333,0.0,0.0,1.0,12.0,0.0,True,0.0,0.07495658348004024,0.0
198,True,12,2.0,1.2104510962963104,0.16666666666666666,0.1008709246913592,0.0,1.0,12.0,0.0,False,True,12,3.0,0.9292657375335693,0.25,0.07743881146113078,0.0,1.0,12.0,0.0,False,-0.08333333333333334,0.023432113230228424,0.0
199,True,13,2.0,0.6423697471618652,0.15384615384615385,0.049413057473989636,0.0,0.0,13.0,0.0,False,True,13,0.0,0.0,0.0,0.0,0.0,0.0,13.0,0.0,True,0.15384615384615385,0.049413057473989636,0.0
200,True,11,0.0,1.087059646844864,0.0,0.09882360425862399,0.7668774425983429,0.0,11.0,0.0,False,True,11,1.0,0.7668774425983429,0.09090909090909091,0.0697161311453039,0.7668774425983429,0.0,11.0,0.0,False,-0.09090909090909091,0.029107473113320098,0.0
201,True,12,3.0,0.76880219578743,0.25,0.0640668496489525,0.0,0.0,12.0,0.0,False,True,12,0.0,0.6907047033309938,0.0,0.057558725277582816,0.0,0.0,12.0,0.0,False,0.25,0.006508124371369682,0.0
202,True,10,0.0,2.294518828392029,0.0,0.22945188283920287,0.0,0.0,10.0,0.0,False,True,10,0.0,0.0,0.0,0.0,0.0,0.0,10.0,0.0,True,0.0,0.22945188283920287,0.0
203,True,11,2.0,1.6812961995601654,0.18181818181818182,0.15284510905092413,0.0,1.0,11.0,0.0,False,True,11,1.0,0.5663020014762878,0.09090909090909091,0.051482000134207985,0.0,1.0,11.0,0.0,False,0.09090909090909091,0.10136310891671615,0.0
204,True,13,1.0,2.5603310763835907,0.07692307692307693,0.19694854433719927,0.0,0.0,13.0,0.0,False,True,13,1.0,1.0222477912902832,0.07692307692307693,0.07863444548386794,0.0,0.0,13.0,0.0,False,0.0,0.11831409885333133,0.0
205,True,12,2.0,2.58863365650177,0.16666666666666666,0.2157194713751475,0.0,0.0,12.0,0.0,False,True,12,1.0,1.314126938581467,0.08333333333333333,0.10951057821512224,0.0,0.0,12.0,0.0,False,0.08333333333333333,0.10620889316002526,0.0
206,True,11,1.0,1.1312363743782043,0.09090909090909091,0.10283967039801857,0.0,0.0,11.0,0.0,False,True,11,2.0,0.0,0.18181818181818182,0.0,0.0,0.0,11.0,0.0,False,-0.09090909090909091,0.10283967039801857,0.0
207,True,13,2.0,2.9564540088176727,0.15384615384615385,0.227419539139821,0.0,0.0,13.0,0.0,False,True,13,1.0,0.8804120719432831,0.07692307692307693,0.0677240055340987,0.0,0.0,13.0,0.0,False,0.07692307692307693,0.1596955336057223,0.0
208,True,13,2.0,0.0,0.15384615384615385,0.0,0.0,1.0,13.0,0.0,False,True,13,1.0,0.0,0.07692307692307693,0.0,0.0,1.0,13.0,0.0,True,0.07692307692307693,0.0,0.0
209,True,12,2.0,0.8381496965885162,0.16666666666666666,0.06984580804904301,0.0,0.0,12.0,0.0,False,True,12,2.0,0.0,0.16666666666666666,0.0,0.0,0.0,12.0,0.0,False,0.0,0.06984580804904301,0.0
210,True,12,5.0,0.2513641715049744,0.4166666666666667,0.020947014292081203,0.0,1.0,12.0,0.0,False,True,12,1.0,0.0,0.08333333333333333,0.0,0.0,1.0,12.0,0.0,True,0.33333333333333337,0.020947014292081203,0.0
211,True,12,2.0,1.6140891313552856,0.16666666666666666,0.13450742761294046,0.0,0.0,12.0,0.0,False,True,12,0.0,0.22312512993812567,0.0,0.01859376082817714,0.0,0.0,12.0,0.0,True,0.16666666666666666,0.11591366678476332,0.0
212,True,11,1.0,0.8751397430896759,0.09090909090909091,0.07955815846269781,0.0,1.0,11.0,0.0,False,True,11,2.0,0.0,0.18181818181818182,0.0,0.0,1.0,11.0,0.0,False,-0.09090909090909091,0.07955815846269781,0.0
213,True,12,2.0,1.0161694586277008,0.16666666666666666,0.08468078821897507,0.0,0.0,12.0,0.0,False,True,12,1.0,0.475419968366623,0.08333333333333333,0.03961833069721858,0.0,0.0,12.0,0.0,True,0.08333333333333333,0.045062457521756485,0.0
214,True,11,2.0,0.6520093083381653,0.18181818181818182,0.05927357348528775,0.0,0.0,11.0,0.0,False,True,11,0.0,2.648904412984848,0.0,0.24080949208953165,0.0,0.0,11.0,0.0,False,0.18181818181818182,-0.1815359186042439,0.0
215,True,12,4.0,2.3939605057239532,0.3333333333333333,0.19949670881032944,0.0,3.0,12.0,0.0,False,True,12,3.0,0.8293538391590118,0.25,0.06911281992991765,0.0,3.0,12.0,0.0,False,0.08333333333333331,0.1303838888804118,0.0
216,True,14,2.0,1.2053122818470001,0.14285714285714285,0.08609373441764287,0.0,1.0,14.0,0.0,False,True,14,1.0,0.0,0.07142857142857142,0.0,0.0,1.0,14.0,0.0,True,0.07142857142857142,0.08609373441764287,0.0
217,True,13,1.0,1.5275134146213534,0.07692307692307693,0.11750103189395025,0.0,0.0,13.0,0.0,False,True,13,0.0,0.5297204554080964,0.0,0.04074772733908434,0.0,0.0,13.0,0.0,True,0.07692307692307693,0.07675330455486591,0.0
218,True,12,3.0,0.0,0.25,0.0,0.0,1.0,12.0,0.0,False,True,12,1.0,0.01382312178611761,0.08333333333333333,0.0011519268155098007,0.0,1.0,12.0,0.0,True,0.16666666666666669,-0.0011519268155098007,0.0
219,True,13,1.0,1.391341120004654,0.07692307692307693,0.107026240000358,0.7235116958618164,0.0,13.0,0.0,False,True,13,1.0,0.7673495709896088,0.07692307692307693,0.05902689007612375,0.7235116958618164,0.0,13.0,0.0,False,0.0,0.04799934992423425,0.0
220,True,12,1.0,2.1435288190841675,0.08333333333333333,0.1786274015903473,0.0,0.0,12.0,0.0,False,True,12,0.0,0.0,0.0,0.0,0.0,0.0,12.0,0.0,True,0.08333333333333333,0.1786274015903473,0.0
221,True,12,1.0,3.7435748875141144,0.08333333333333333,0.31196457395950955,0.0,0.0,12.0,0.0,False,True,12,0.0,0.8069087266921997,0.0,0.06724239389101665,0.0,0.0,12.0,0.0,False,0.08333333333333333,0.2447221800684929,0.0
222,True,12,3.0,2.4269163012504578,0.25,0.2022430251042048,0.0,1.0,12.0,0.0,False,True,12,3.0,0.0,0.25,0.0,0.0,1.0,12.0,0.0,False,0.0,0.2022430251042048,0.0
223,True,12,2.0,0.0,0.16666666666666666,0.0,0.0,0.0,12.0,0.0,False,True,12,1.0,0.805188924074173,0.08333333333333333,0.06709907700618108,0.0,0.0,12.0,0.0,False,0.08333333333333333,-0.06709907700618108,0.0
224,True,13,0.0,0.0,0.0,0.0,0.0,0.0,13.0,0.0,True,True,13,0.0,0.0,0.0,0.0,0.0,0.0,13.0,0.0,True,0.0,0.0,0.0
225,True,11,0.0,1.8015402853488922,0.0,0.16377638957717203,0.0,0.0,11.0,0.0,False,True,11,2.0,1.1737312078475952,0.18181818181818182,0.10670283707705411,0.0,0.0,11.0,0.0,False,-0.18181818181818182,0.05707355250011792,0.0
226,True,13,2.0,0.0,0.15384615384615385,0.0,0.0,0.0,13.0,0.0,False,True,13,0.0,0.0,0.0,0.0,0.0,0.0,13.0,0.0,True,0.15384615384615385,0.0,0.0
227,True,12,1.0,1.339928537607193,0.08333333333333333,0.11166071146726608,0.9094700813293457,1.0,12.0,0.0,False,True,12,1.0,1.1381168365478516,0.08333333333333333,0.09484306971232097,0.9094700813293457,1.0,12.0,0.0,False,0.0,0.016817641754945115,0.0
228,True,13,5.0,0.8397529125213623,0.38461538461538464,0.06459637788625863,0.0,1.0,13.0,0.0,False,True,13,3.0,0.0,0.23076923076923078,0.0,0.0,1.0,13.0,0.0,False,0.15384615384615385,0.06459637788625863,0.0
229,True,11,2.0,0.7819902002811432,0.18181818181818182,0.07109001820737665,0.0,0.0,11.0,0.0,False,True,11,1.0,0.7819902002811432,0.09090909090909091,0.07109001820737665,0.0,0.0,11.0,0.0,False,0.09090909090909091,0.0,0.0
230,True,13,3.0,0.5519770681858063,0.23076923076923078,0.042459774475831255,0.5519770681858063,1.0,13.0,0.0,False,True,13,1.0,1.1259481012821198,0.07692307692307693,0.0866113924063169,0.5519770681858063,1.0,13.0,0.0,False,0.15384615384615385,-0.04415161793048565,0.0
231,True,12,2.0,2.609488993883133,0.16666666666666666,0.21745741615692774,0.0,1.0,12.0,0.0,False,True,12,2.0,0.0,0.16666666666666666,0.0,0.0,1.0,12.0,0.0,False,0.0,0.21745741615692774,0.0
232,True,11,2.0,0.0,0.18181818181818182,0.0,0.0,0.0,11.0,0.0,False,True,11,0.0,0.18092444539070135,0.0,0.016447676853700122,0.0,0.0,11.0,0.0,True,0.18181818181818182,-0.016447676853700122,0.0
233,True,12,3.0,0.11516860127449041,0.25,0.009597383439540868,0.0,0.0,12.0,0.0,False,True,12,0.0,0.0,0.0,0.0,0.0,0.0,12.0,0.0,True,0.25,0.009597383439540868,0.0
234,True,12,1.0,0.0,0.08333333333333333,0.0,0.0,0.0,12.0,0.0,True,True,12,1.0,0.0,0.08333333333333333,0.0,0.0,0.0,12.0,0.0,True,0.0,0.0,0.0
235,True,14,0.0,1.7217303216457367,0.0,0.12298073726040977,0.0,0.0,14.0,0.0,False,True,14,1.0,3.0240483582019806,0.07142857142857142,0.21600345415728434,0.0,0.0,14.0,0.0,False,-0.07142857142857142,-0.09302271689687457,0.0
236,True,12,3.0,0.0,0.25,0.0,0.0,0.0,12.0,0.0,False,True,12,1.0,1.2342004776000977,0.08333333333333333,0.10285003980000813,0.0,0.0,12.0,0.0,False,0.16666666666666669,-0.10285003980000813,0.0
237,True,12,2.0,0.0,0.16666666666666666,0.0,0.0,0.0,12.0,0.0,False,True,12,1.0,0.0,0.08333333333333333,0.0,0.0,0.0,12.0,0.0,True,0.08333333333333333,0.0,0.0
238,True,11,3.0,2.042742669582367,0.2727272727272727,0.18570387905294244,0.08848613500595098,0.0,11.0,0.0,False,True,11,0.0,0.3874957263469697,0.0,0.035226884213360884,0.08848613500595098,0.0,11.0,0.0,True,0.2727272727272727,0.15047699483958155,0.0
239,True,11,0.0,2.012317717075348,0.0,0.1829379742795771,0.0,0.0,11.0,0.0,False,True,11,0.0,0.0,0.0,0.0,0.0,0.0,11.0,0.0,True,0.0,0.1829379742795771,0.0
240,True,12,2.0,0.0,0.16666666666666666,0.0,0.0,1.0,12.0,0.0,False,True,12,1.0,0.0,0.08333333333333333,0.0,0.0,1.0,12.0,0.0,True,0.08333333333333333,0.0,0.0
241,True,13,3.0,1.9075846076011658,0.23076923076923078,0.14673727750778198,0.0,0.0,13.0,0.0,False,True,13,2.0,0.21544387936592108,0.15384615384615385,0.01657260610507085,0.0,0.0,13.0,0.0,False,0.07692307692307693,0.13016467140271112,0.0
242,True,11,5.0,1.704855352640152,0.45454545454545453,0.15498685024001382,0.5657771825790405,3.0,11.0,0.0,False,True,11,4.0,1.6449595391750336,0.36363636363636365,0.1495417762886394,0.5657771825790405,3.0,11.0,0.0,False,0.09090909090909088,0.005445073951374418,0.0
243,True,11,2.0,2.280126839876175,0.18181818181818182,0.20728425817056137,0.0,1.0,11.0,0.0,False,True,11,1.0,1.2961295545101166,0.09090909090909091,0.11782995950091969,0.0,1.0,11.0,0.0,False,0.09090909090909091,0.08945429866964168,0.0
244,True,12,3.0,2.9328178763389587,0.25,0.24440148969491324,0.60526242852211,2.0,12.0,0.0,False,True,12,1.0,0.60526242852211,0.08333333333333333,0.050438535710175834,0.60526242852211,2.0,12.0,0.0,False,0.16666666666666669,0.1939629539847374,0.0
245,True,11,1.0,0.0,0.09090909090909091,0.0,0.0,0.0,11.0,0.0,True,True,11,1.0,0.0,0.09090909090909091,0.0,0.0,0.0,11.0,0.0,True,0.0,0.0,0.0
246,True,12,1.0,2.0020037293434143,0.08333333333333333,0.1668336441119512,0.0,0.0,12.0,0.0,False,True,12,0.0,0.8233541548252106,0.0,0.06861284623543422,0.0,0.0,12.0,0.0,False,0.08333333333333333,0.09822079787651698,0.0
247,True,11,0.0,0.0,0.0,0.0,0.0,0.0,11.0,0.0,True,True,11,1.0,0.0,0.09090909090909091,0.0,0.0,0.0,11.0,0.0,True,-0.09090909090909091,0.0,0.0
248,True,12,1.0,0.0,0.08333333333333333,0.0,0.0,0.0,12.0,0.0,True,True,12,1.0,0.0,0.08333333333333333,0.0,0.0,0.0,12.0,0.0,True,0.0,0.0,0.0
249,True,12,5.0,2.8334318101406097,0.4166666666666667,0.23611931751171747,0.0,1.0,12.0,0.0,False,True,12,3.0,0.533250629901886,0.25,0.04443755249182383,0.0,1.0,12.0,0.0,False,0.16666666666666669,0.19168176501989365,0.0
250,True,11,2.0,3.8747118711471558,0.18181818181818182,0.3522465337406505,0.0,0.0,11.0,0.0,False,True,11,0.0,0.0,0.0,0.0,0.0,0.0,11.0,0.0,True,0.18181818181818182,0.3522465337406505,0.0
251,True,12,2.0,1.3596631288528442,0.16666666666666666,0.11330526073773702,0.0,1.0,12.0,0.0,False,True,12,2.0,1.0828931331634521,0.16666666666666666,0.09024109443028767,0.0,1.0,12.0,0.0,False,0.0,0.02306416630744934,0.0
252,True,12,5.0,1.759697675704956,0.4166666666666667,0.146641472975413,0.0,0.0,12.0,0.0,False,True,12,0.0,0.0,0.0,0.0,0.0,0.0,12.0,0.0,True,0.4166666666666667,0.146641472975413,0.0
253,True,11,1.0,0.0,0.09090909090909091,0.0,0.0,0.0,11.0,0.0,True,True,11,0.0,0.845074862241745,0.0,0.07682498747652228,0.0,0.0,11.0,0.0,False,0.09090909090909091,-0.07682498747652228,0.0
254,True,11,2.0,1.3918283879756927,0.18181818181818182,0.1265298534523357,0.0,0.0,11.0,0.0,False,True,11,1.0,0.0,0.09090909090909091,0.0,0.0,0.0,11.0,0.0,True,0.09090909090909091,0.1265298534523357,0.0
255,True,12,1.0,0.0,0.08333333333333333,0.0,0.0,0.0,12.0,0.0,True,True,12,0.0,0.0,0.0,0.0,0.0,0.0,12.0,0.0,True,0.08333333333333333,0.0,0.0
256,True,14,2.0,0.8181345760822298,0.14285714285714285,0.05843818400587356,0.0,0.0,14.0,0.0,False,True,14,1.0,0.0,0.07142857142857142,0.0,0.0,0.0,14.0,0.0,True,0.07142857142857142,0.05843818400587356,0.0
257,True,12,1.0,0.0,0.08333333333333333,0.0,0.0,0.0,12.0,0.0,True,True,12,1.0,0.0,0.08333333333333333,0.0,0.0,0.0,12.0,0.0,True,0.0,0.0,0.0
258,True,12,2.0,0.0,0.16666666666666666,0.0,0.0,0.0,12.0,0.0,False,True,12,0.0,0.25541669130325323,0.0,0.021284724275271102,0.0,0.0,12.0,0.0,True,0.16666666666666666,-0.021284724275271102,0.0
259,True,13,1.0,0.9530385434627533,0.07692307692307693,0.07331065718944256,0.0,1.0,13.0,0.0,False,True,13,1.0,0.0,0.07692307692307693,0.0,0.0,1.0,13.0,0.0,True,0.0,0.07331065718944256,0.0
260,True,12,3.0,1.4857909381389618,0.25,0.12381591151158015,0.0,1.0,12.0,0.0,False,True,12,2.0,1.2133762538433075,0.16666666666666666,0.10111468782027562,0.0,1.0,12.0,0.0,False,0.08333333333333334,0.022701223691304534,0.0
261,True,12,2.0,0.7617565095424652,0.16666666666666666,0.06347970912853877,0.0,1.0,12.0,0.0,False,True,12,3.0,0.0,0.25,0.0,0.0,1.0,12.0,0.0,False,-0.08333333333333334,0.06347970912853877,0.0
262,True,12,1.0,0.0,0.08333333333333333,0.0,0.0,1.0,12.0,0.0,True,True,12,1.0,0.0,0.08333333333333333,0.0,0.0,1.0,12.0,0.0,True,0.0,0.0,0.0
263,True,11,1.0,0.9138529598712921,0.09090909090909091,0.0830775418064811,0.0,0.0,11.0,0.0,False,True,11,1.0,0.0,0.09090909090909091,0.0,0.0,0.0,11.0,0.0,True,0.0,0.0830775418064811,0.0
264,True,12,0.0,0.3399750292301179,0.0,0.028331252435843158,0.0,0.0,12.0,0.0,True,True,12,1.0,0.0,0.08333333333333333,0.0,0.0,0.0,12.0,0.0,True,-0.08333333333333333,0.028331252435843158,0.0
265,True,10,0.0,0.0,0.0,0.0,0.0,0.0,10.0,0.0,True,True,10,0.0,0.0,0.0,0.0,0.0,0.0,10.0,0.0,True,0.0,0.0,0.0
266,True,13,5.0,0.10091236233711248,0.38461538461538464,0.007762489410547114,0.0,0.0,13.0,0.0,False,True,13,1.0,0.1906368732452393,0.07692307692307693,0.014664374865018408,0.0,0.0,13.0,0.0,True,0.3076923076923077,-0.006901885454471295,0.0
267,True,12,2.0,0.05586123466491705,0.16666666666666666,0.004655102888743087,0.0,1.0,12.0,0.0,False,True,12,3.0,0.8938848078250885,0.25,0.07449040065209071,0.0,1.0,12.0,0.0,False,-0.08333333333333334,-0.06983529776334763,0.0
268,True,11,3.0,0.0,0.2727272727272727,0.0,0.0,1.0,11.0,0.0,False,True,11,1.0,0.0,0.09090909090909091,0.0,0.0,1.0,11.0,0.0,True,0.1818181818181818,0.0,0.0
269,True,13,1.0,2.5232196152210236,0.07692307692307693,0.19409381655546334,0.0,1.0,13.0,0.0,False,True,13,1.0,0.6289767324924469,0.07692307692307693,0.04838282557634207,0.0,1.0,13.0,0.0,True,0.0,0.14571099097912127,0.0
270,True,14,3.0,0.0,0.21428571428571427,0.0,0.0,2.0,14.0,0.0,False,True,14,2.0,0.0,0.14285714285714285,0.0,0.0,2.0,14.0,0.0,False,0.07142857142857142,0.0,0.0
271,True,11,1.0,1.7218475937843323,0.09090909090909091,0.1565315994349393,0.0,0.0,11.0,0.0,False,True,11,0.0,0.0,0.0,0.0,0.0,0.0,11.0,0.0,True,0.09090909090909091,0.1565315994349393,0.0
272,True,12,1.0,0.5137464702129366,0.08333333333333333,0.042812205851078054,0.0,0.0,12.0,0.0,True,True,12,0.0,0.3140466511249543,0.0,0.026170554260412857,0.0,0.0,12.0,0.0,True,0.08333333333333333,0.016641651590665198,0.0
273,True,12,1.0,0.0,0.08333333333333333,0.0,0.0,1.0,12.0,0.0,True,True,12,2.0,0.0,0.16666666666666666,0.0,0.0,1.0,12.0,0.0,False,-0.08333333333333333,0.0,0.0
274,True,14,3.0,1.1854512691497803,0.21428571428571427,0.08467509065355573,0.0,1.0,14.0,0.0,False,True,14,2.0,0.7142882645130157,0.14285714285714285,0.05102059032235827,0.0,1.0,14.0,0.0,False,0.07142857142857142,0.03365450033119746,0.0
275,True,12,1.0,1.211953729391098,0.08333333333333333,0.10099614411592484,0.0,0.0,12.0,0.0,False,True,12,0.0,1.211953729391098,0.0,0.10099614411592484,0.0,0.0,12.0,0.0,False,0.08333333333333333,0.0,0.0
276,True,13,1.0,1.3990775644779208,0.07692307692307693,0.10762135111368622,0.0,0.0,13.0,0.0,False,True,13,0.0,1.8567093908786774,0.0,0.1428237992983598,0.0,0.0,13.0,0.0,False,0.07692307692307693,-0.03520244818467359,0.0
277,True,10,1.0,2.4511346518993378,0.1,0.24511346518993377,0.0,0.0,10.0,0.0,False,True,10,0.0,0.0,0.0,0.0,0.0,0.0,10.0,0.0,True,0.1,0.24511346518993377,0.0
278,True,12,0.0,1.352801501750946,0.0,0.1127334584792455,0.0,0.0,12.0,0.0,False,True,12,1.0,0.27771776914596563,0.08333333333333333,0.02314314742883047,0.0,0.0,12.0,0.0,True,-0.08333333333333333,0.08959031105041503,0.0
279,True,12,1.0,1.7958190441131592,0.08333333333333333,0.14965158700942993,0.0,0.0,12.0,0.0,False,True,12,1.0,0.0,0.08333333333333333,0.0,0.0,0.0,12.0,0.0,True,0.0,0.14965158700942993,0.0
280,True,10,1.0,0.0,0.1,0.0,0.0,0.0,10.0,0.0,True,True,10,2.0,0.11573454737663275,0.2,0.011573454737663275,0.0,0.0,10.0,0.0,False,-0.1,-0.011573454737663275,0.0
281,True,13,3.0,0.8243640959262849,0.23076923076923078,0.06341262276356038,0.0,1.0,13.0,0.0,False,True,13,3.0,0.0,0.23076923076923078,0.0,0.0,1.0,13.0,0.0,False,0.0,0.06341262276356038,0.0
282,True,12,2.0,2.4618439376354218,0.16666666666666666,0.20515366146961847,0.0,1.0,12.0,0.0,False,True,12,1.0,0.9068354070186615,0.08333333333333333,0.07556961725155513,0.0,1.0,12.0,0.0,False,0.08333333333333333,0.12958404421806335,0.0
283,True,11,0.0,0.9864599108695984,0.0,0.08967817371541803,0.9864599108695984,0.0,11.0,0.0,False,True,11,0.0,0.9864599108695984,0.0,0.08967817371541803,0.9864599108695984,0.0,11.0,0.0,False,0.0,0.0,0.0
284,True,12,4.0,1.3980610072612762,0.3333333333333333,0.11650508393843968,0.0,1.0,12.0,0.0,False,True,12,1.0,0.0,0.08333333333333333,0.0,0.0,1.0,12.0,0.0,True,0.25,0.11650508393843968,0.0
285,True,11,1.0,1.0123766660690308,0.09090909090909091,0.09203424236991188,0.0,0.0,11.0,0.0,False,True,11,0.0,0.9745692312717438,0.0,0.0885972028428858,0.0,0.0,11.0,0.0,False,0.09090909090909091,0.0034370395270260784,0.0
286,True,11,1.0,1.4162026047706604,0.09090909090909091,0.12874569134278732,0.0,0.0,11.0,0.0,False,True,11,0.0,0.0,0.0,0.0,0.0,0.0,11.0,0.0,True,0.09090909090909091,0.12874569134278732,0.0
287,True,12,1.0,0.09809008240699774,0.08333333333333333,0.008174173533916479,0.0,0.0,12.0,0.0,True,True,12,0.0,0.0,0.0,0.0,0.0,0.0,12.0,0.0,True,0.08333333333333333,0.008174173533916479,0.0
288,True,12,1.0,0.5355266034603121,0.08333333333333333,0.04462721695502601,0.0,0.0,12.0,0.0,True,True,12,0.0,2.522311896085739,0.0,0.21019265800714493,0.0,0.0,12.0,0.0,False,0.08333333333333333,-0.16556544105211893,0.0
289,True,11,1.0,1.0963394045829773,0.09090909090909091,0.09966721859845248,0.0,0.0,11.0,0.0,False,True,11,0.0,1.0963394045829773,0.0,0.09966721859845248,0.0,0.0,11.0,0.0,False,0.09090909090909091,0.0,0.0
290,True,11,2.0,1.5512952506542206,0.18181818181818182,0.14102684096856552,0.0,0.0,11.0,0.0,False,True,11,0.0,0.2191347479820252,0.0,0.019921340725638656,0.0,0.0,11.0,0.0,True,0.18181818181818182,0.12110550024292686,0.0
291,True,11,2.0,1.4933409988880157,0.18181818181818182,0.13575827262618326,0.0,0.0,11.0,0.0,False,True,11,0.0,0.2522628605365754,0.0,0.02293298732150685,0.0,0.0,11.0,0.0,True,0.18181818181818182,0.1128252853046764,0.0
292,True,12,1.0,0.0,0.08333333333333333,0.0,0.0,0.0,12.0,0.0,True,True,12,0.0,0.0606431663036347,0.0,0.005053597191969558,0.0,0.0,12.0,0.0,True,0.08333333333333333,-0.005053597191969558,0.0
293,True,12,1.0,0.0,0.08333333333333333,0.0,0.0,0.0,12.0,0.0,True,True,12,1.0,0.0,0.08333333333333333,0.0,0.0,0.0,12.0,0.0,True,0.0,0.0,0.0
294,True,12,2.0,1.7379895746707916,0.16666666666666666,0.1448324645558993,0.2879623174667359,1.0,12.0,0.0,False,True,12,1.0,0.9465378820896151,0.08333333333333333,0.07887815684080125,0.2879623174667359,1.0,12.0,0.0,False,0.08333333333333333,0.06595430771509804,0.0
295,True,12,3.0,0.0,0.25,0.0,0.0,1.0,12.0,0.0,False,True,12,1.0,0.0,0.08333333333333333,0.0,0.0,1.0,12.0,0.0,True,0.16666666666666669,0.0,0.0
296,True,12,1.0,0.0,0.08333333333333333,0.0,0.0,0.0,12.0,0.0,True,True,12,1.0,0.0,0.08333333333333333,0.0,0.0,0.0,12.0,0.0,True,0.0,0.0,0.0
297,True,12,3.0,1.6406713724136353,0.25,0.13672261436780295,0.0,2.0,12.0,0.0,False,True,12,3.0,0.36703875660896307,0.25,0.03058656305074692,0.0,2.0,12.0,0.0,False,0.0,0.10613605131705603,0.0
298,True,12,1.0,0.8271612823009491,0.08333333333333333,0.06893010685841243,0.0,1.0,12.0,0.0,False,True,12,2.0,0.0,0.16666666666666666,0.0,0.0,1.0,12.0,0.0,False,-0.08333333333333333,0.06893010685841243,0.0
299,True,13,4.0,0.0,0.3076923076923077,0.0,0.0,2.0,13.0,0.0,False,True,13,2.0,0.0,0.15384615384615385,0.0,0.0,2.0,13.0,0.0,False,0.15384615384615385,0.0,0.0
